Product code,Station number,Year,Month,Monthly Precipitation Total (millimetres),Quality
IDCJAC0001,044021,1942,04,24.5,Y
IDCJAC0001,044021,1942,05,57.4,Y
IDCJAC0001,044021,1942,06,24.7,Y
IDCJAC0001,044021,1942,07,55.7,Y
IDCJAC0001,044021,1942,08,0.5,Y
IDCJAC0001,044021,1942,09,4.6,Y
IDCJAC0001,044021,1942,10,65.5,Y
IDCJAC0001,044021,1942,11,48.8,Y
IDCJAC0001,044021,1942,12,219.7,Y
IDCJAC0001,044021,1943,01,90.7,Y
IDCJAC0001,044021,1943,02,12.4,Y
IDCJAC0001,044021,1943,03,16.3,Y
IDCJAC0001,044021,1943,04,20.8,Y
IDCJAC0001,044021,1943,05,13.5,Y
IDCJAC0001,044021,1943,06,37.6,Y
IDCJAC0001,044021,1943,07,5.1,Y
IDCJAC0001,044021,1943,08,36.1,Y
IDCJAC0001,044021,1943,09,69.5,Y
IDCJAC0001,044021,1943,10,37.4,Y
IDCJAC0001,044021,1943,11,59.7,Y
IDCJAC0001,044021,1943,12,15.3,Y
IDCJAC0001,044021,1944,01,22.6,Y
IDCJAC0001,044021,1944,02,61.6,Y
IDCJAC0001,044021,1944,03,1.5,Y
IDCJAC0001,044021,1944,04,2.0,Y
IDCJAC0001,044021,1944,05,25.9,Y
IDCJAC0001,044021,1944,06,3.8,Y
IDCJAC0001,044021,1944,07,39.6,Y
IDCJAC0001,044021,1944,08,65.2,Y
IDCJAC0001,044021,1944,09,10.1,Y
IDCJAC0001,044021,1944,10,5.4,Y
IDCJAC0001,044021,1944,11,37.8,Y
IDCJAC0001,044021,1944,12,14.8,Y
IDCJAC0001,044021,1945,01,13.1,Y
IDCJAC0001,044021,1945,02,70.8,Y
IDCJAC0001,044021,1945,03,9.5,Y
IDCJAC0001,044021,1945,04,51.1,Y
IDCJAC0001,044021,1945,05,21.6,Y
IDCJAC0001,044021,1945,06,12.8,Y
IDCJAC0001,044021,1945,07,29.5,Y
IDCJAC0001,044021,1945,08,38.4,Y
IDCJAC0001,044021,1945,09,1.3,Y
IDCJAC0001,044021,1945,10,21.6,Y
IDCJAC0001,044021,1945,11,28.2,Y
IDCJAC0001,044021,1945,12,29.0,Y
IDCJAC0001,044021,1946,01,122.6,Y
IDCJAC0001,044021,1946,02,25.0,Y
IDCJAC0001,044021,1946,03,6.1,Y
IDCJAC0001,044021,1946,04,0.0,Y
IDCJAC0001,044021,1946,05,0.3,Y
IDCJAC0001,044021,1946,06,1.3,Y
IDCJAC0001,044021,1946,07,1.1,Y
IDCJAC0001,044021,1946,08,0.0,Y
IDCJAC0001,044021,1946,09,5.8,Y
IDCJAC0001,044021,1946,10,0.5,Y
IDCJAC0001,044021,1946,11,9.7,Y
IDCJAC0001,044021,1946,12,34.0,Y
IDCJAC0001,044021,1947,01,7.9,Y
IDCJAC0001,044021,1947,02,98.1,Y
IDCJAC0001,044021,1947,03,88.3,Y
IDCJAC0001,044021,1947,04,0.8,Y
IDCJAC0001,044021,1947,05,51.3,Y
IDCJAC0001,044021,1947,06,6.4,Y
IDCJAC0001,044021,1947,07,6.2,Y
IDCJAC0001,044021,1947,08,76.2,Y
IDCJAC0001,044021,1947,09,82.6,Y
IDCJAC0001,044021,1947,10,38.5,Y
IDCJAC0001,044021,1947,11,97.9,Y
IDCJAC0001,044021,1947,12,66.8,Y
IDCJAC0001,044021,1948,01,22.4,Y
IDCJAC0001,044021,1948,02,47.0,Y
IDCJAC0001,044021,1948,03,108.5,Y
IDCJAC0001,044021,1948,04,6.6,Y
IDCJAC0001,044021,1948,05,18.8,Y
IDCJAC0001,044021,1948,06,34.5,Y
IDCJAC0001,044021,1948,07,23.6,Y
IDCJAC0001,044021,1948,08,0.3,Y
IDCJAC0001,044021,1948,09,30.6,Y
IDCJAC0001,044021,1948,10,6.6,Y
IDCJAC0001,044021,1948,11,12.5,Y
IDCJAC0001,044021,1948,12,64.5,Y
IDCJAC0001,044021,1949,01,31.5,Y
IDCJAC0001,044021,1949,02,151.8,Y
IDCJAC0001,044021,1949,03,293.6,Y
IDCJAC0001,044021,1949,04,16.5,Y
IDCJAC0001,044021,1949,05,23.1,Y
IDCJAC0001,044021,1949,06,20.8,Y
IDCJAC0001,044021,1949,07,1.3,Y
IDCJAC0001,044021,1949,08,0.0,Y
IDCJAC0001,044021,1949,09,64.8,Y
IDCJAC0001,044021,1949,10,188.1,Y
IDCJAC0001,044021,1949,11,33.6,Y
IDCJAC0001,044021,1949,12,8.3,Y
IDCJAC0001,044021,1950,01,138.5,Y
IDCJAC0001,044021,1950,02,72.5,Y
IDCJAC0001,044021,1950,03,134.2,Y
IDCJAC0001,044021,1950,04,161.4,Y
IDCJAC0001,044021,1950,05,57.8,Y
IDCJAC0001,044021,1950,06,44.7,Y
IDCJAC0001,044021,1950,07,155.8,Y
IDCJAC0001,044021,1950,08,10.4,Y
IDCJAC0001,044021,1950,09,21.1,Y
IDCJAC0001,044021,1950,10,96.3,Y
IDCJAC0001,044021,1950,11,92.0,Y
IDCJAC0001,044021,1950,12,40.5,Y
IDCJAC0001,044021,1951,01,59.8,Y
IDCJAC0001,044021,1951,02,31.8,Y
IDCJAC0001,044021,1951,03,28.1,Y
IDCJAC0001,044021,1951,04,0.3,Y
IDCJAC0001,044021,1951,05,15.0,Y
IDCJAC0001,044021,1951,06,63.6,Y
IDCJAC0001,044021,1951,07,0.0,Y
IDCJAC0001,044021,1951,08,5.3,Y
IDCJAC0001,044021,1951,09,13.5,Y
IDCJAC0001,044021,1951,10,20.4,Y
IDCJAC0001,044021,1951,11,23.7,Y
IDCJAC0001,044021,1951,12,37.9,Y
IDCJAC0001,044021,1952,01,58.6,Y
IDCJAC0001,044021,1952,02,112.4,Y
IDCJAC0001,044021,1952,03,100.1,Y
IDCJAC0001,044021,1952,04,38.8,Y
IDCJAC0001,044021,1952,05,75.7,Y
IDCJAC0001,044021,1952,06,12.5,Y
IDCJAC0001,044021,1952,07,14.1,Y
IDCJAC0001,044021,1952,08,29.7,Y
IDCJAC0001,044021,1952,09,3.3,Y
IDCJAC0001,044021,1952,10,88.5,Y
IDCJAC0001,044021,1952,11,12.2,Y
IDCJAC0001,044021,1952,12,14.3,Y
IDCJAC0001,044021,1953,01,129.7,Y
IDCJAC0001,044021,1953,02,97.0,Y
IDCJAC0001,044021,1953,03,4.2,Y
IDCJAC0001,044021,1953,04,106.5,Y
IDCJAC0001,044021,1953,05,9.9,Y
IDCJAC0001,044021,1953,06,0.0,Y
IDCJAC0001,044021,1953,07,8.6,Y
IDCJAC0001,044021,1953,08,21.8,Y
IDCJAC0001,044021,1953,09,0.0,Y
IDCJAC0001,044021,1953,10,91.4,Y
IDCJAC0001,044021,1953,11,11.4,Y
IDCJAC0001,044021,1953,12,0.8,Y
IDCJAC0001,044021,1954,01,235.0,Y
IDCJAC0001,044021,1954,02,102.1,Y
IDCJAC0001,044021,1954,03,0.0,Y
IDCJAC0001,044021,1954,04,29.8,Y
IDCJAC0001,044021,1954,05,0.0,Y
IDCJAC0001,044021,1954,06,41.0,Y
IDCJAC0001,044021,1954,07,62.0,Y
IDCJAC0001,044021,1954,08,34.6,Y
IDCJAC0001,044021,1954,09,32.4,Y
IDCJAC0001,044021,1954,10,181.9,Y
IDCJAC0001,044021,1954,11,21.9,Y
IDCJAC0001,044021,1954,12,18.8,Y
IDCJAC0001,044021,1955,01,171.2,Y
IDCJAC0001,044021,1955,02,166.4,Y
IDCJAC0001,044021,1955,03,103.5,Y
IDCJAC0001,044021,1955,04,121.8,Y
IDCJAC0001,044021,1955,05,64.0,Y
IDCJAC0001,044021,1955,06,6.4,Y
IDCJAC0001,044021,1955,07,41.0,Y
IDCJAC0001,044021,1955,08,24.5,Y
IDCJAC0001,044021,1955,09,0.3,Y
IDCJAC0001,044021,1955,10,51.8,Y
IDCJAC0001,044021,1955,11,26.1,Y
IDCJAC0001,044021,1955,12,40.9,Y
IDCJAC0001,044021,1956,01,59.2,Y
IDCJAC0001,044021,1956,02,164.9,Y
IDCJAC0001,044021,1956,03,307.2,Y
IDCJAC0001,044021,1956,04,41.1,Y
IDCJAC0001,044021,1956,05,31.3,Y
IDCJAC0001,044021,1956,06,37.7,Y
IDCJAC0001,044021,1956,07,55.0,Y
IDCJAC0001,044021,1956,08,3.8,Y
IDCJAC0001,044021,1956,09,14.8,Y
IDCJAC0001,044021,1956,10,12.7,Y
IDCJAC0001,044021,1956,11,24.5,Y
IDCJAC0001,044021,1956,12,65.8,Y
IDCJAC0001,044021,1957,01,22.7,Y
IDCJAC0001,044021,1957,02,71.2,Y
IDCJAC0001,044021,1957,03,62.5,Y
IDCJAC0001,044021,1957,04,63.8,Y
IDCJAC0001,044021,1957,05,10.2,Y
IDCJAC0001,044021,1957,06,55.9,Y
IDCJAC0001,044021,1957,07,5.7,Y
IDCJAC0001,044021,1957,08,4.9,Y
IDCJAC0001,044021,1957,09,0.0,Y
IDCJAC0001,044021,1957,10,3.3,Y
IDCJAC0001,044021,1957,11,23.9,Y
IDCJAC0001,044021,1957,12,53.0,Y
IDCJAC0001,044021,1958,01,77.1,Y
IDCJAC0001,044021,1958,02,38.7,Y
IDCJAC0001,044021,1958,03,9.0,Y
IDCJAC0001,044021,1958,04,18.4,Y
IDCJAC0001,044021,1958,05,20.0,Y
IDCJAC0001,044021,1958,06,48.1,Y
IDCJAC0001,044021,1958,07,9.6,Y
IDCJAC0001,044021,1958,08,6.1,Y
IDCJAC0001,044021,1958,09,7.1,Y
IDCJAC0001,044021,1958,10,19.1,Y
IDCJAC0001,044021,1958,11,39.4,Y
IDCJAC0001,044021,1958,12,50.4,Y
IDCJAC0001,044021,1959,01,55.8,Y
IDCJAC0001,044021,1959,02,70.2,Y
IDCJAC0001,044021,1959,03,99.7,Y
IDCJAC0001,044021,1959,04,34.2,Y
IDCJAC0001,044021,1959,05,31.9,Y
IDCJAC0001,044021,1959,06,0.0,Y
IDCJAC0001,044021,1959,07,27.8,Y
IDCJAC0001,044021,1959,08,2.8,Y
IDCJAC0001,044021,1959,09,7.9,Y
IDCJAC0001,044021,1959,10,30.3,Y
IDCJAC0001,044021,1959,11,2.8,Y
IDCJAC0001,044021,1959,12,142.1,Y
IDCJAC0001,044021,1960,01,32.3,Y
IDCJAC0001,044021,1960,02,135.2,Y
IDCJAC0001,044021,1960,03,14.5,Y
IDCJAC0001,044021,1960,04,44.9,Y
IDCJAC0001,044021,1960,05,63.3,Y
IDCJAC0001,044021,1960,06,20.6,Y
IDCJAC0001,044021,1960,07,39.8,Y
IDCJAC0001,044021,1960,08,18.5,Y
IDCJAC0001,044021,1960,09,4.8,Y
IDCJAC0001,044021,1960,10,11.7,Y
IDCJAC0001,044021,1960,11,32.7,Y
IDCJAC0001,044021,1960,12,78.9,Y
IDCJAC0001,044021,1961,01,75.9,Y
IDCJAC0001,044021,1961,02,53.8,Y
IDCJAC0001,044021,1961,03,59.4,Y
IDCJAC0001,044021,1961,04,59.2,Y
IDCJAC0001,044021,1961,05,15.7,Y
IDCJAC0001,044021,1961,06,3.6,Y
IDCJAC0001,044021,1961,07,29.0,Y
IDCJAC0001,044021,1961,08,1.8,Y
IDCJAC0001,044021,1961,09,0.5,Y
IDCJAC0001,044021,1961,10,68.2,Y
IDCJAC0001,044021,1961,11,115.0,Y
IDCJAC0001,044021,1961,12,55.9,Y
IDCJAC0001,044021,1962,01,220.3,Y
IDCJAC0001,044021,1962,02,43.8,Y
IDCJAC0001,044021,1962,03,143.3,Y
IDCJAC0001,044021,1962,04,22.3,Y
IDCJAC0001,044021,1962,05,4.1,Y
IDCJAC0001,044021,1962,06,18.6,Y
IDCJAC0001,044021,1962,07,16.5,Y
IDCJAC0001,044021,1962,08,8.9,Y
IDCJAC0001,044021,1962,09,9.6,Y
IDCJAC0001,044021,1962,10,53.2,Y
IDCJAC0001,044021,1962,11,4.5,Y
IDCJAC0001,044021,1962,12,79.8,Y
IDCJAC0001,044021,1963,01,154.4,Y
IDCJAC0001,044021,1963,02,31.7,Y
IDCJAC0001,044021,1963,03,283.9,Y
IDCJAC0001,044021,1963,04,21.4,Y
IDCJAC0001,044021,1963,05,59.6,Y
IDCJAC0001,044021,1963,06,17.9,Y
IDCJAC0001,044021,1963,07,0.0,Y
IDCJAC0001,044021,1963,08,30.6,Y
IDCJAC0001,044021,1963,09,23.7,Y
IDCJAC0001,044021,1963,10,32.2,Y
IDCJAC0001,044021,1963,11,138.4,Y
IDCJAC0001,044021,1963,12,41.9,Y
IDCJAC0001,044021,1964,01,34.4,Y
IDCJAC0001,044021,1964,02,30.7,Y
IDCJAC0001,044021,1964,03,10.2,Y
IDCJAC0001,044021,1964,04,13.5,Y
IDCJAC0001,044021,1964,05,43.0,Y
IDCJAC0001,044021,1964,06,2.3,Y
IDCJAC0001,044021,1964,07,6.7,Y
IDCJAC0001,044021,1964,08,6.9,Y
IDCJAC0001,044021,1964,09,61.5,Y
IDCJAC0001,044021,1964,10,30.5,Y
IDCJAC0001,044021,1964,11,12.3,Y
IDCJAC0001,044021,1964,12,25.8,Y
IDCJAC0001,044021,1965,01,8.7,Y
IDCJAC0001,044021,1965,02,3.3,Y
IDCJAC0001,044021,1965,03,0.3,Y
IDCJAC0001,044021,1965,04,26.7,Y
IDCJAC0001,044021,1965,05,13.7,Y
IDCJAC0001,044021,1965,06,2.8,Y
IDCJAC0001,044021,1965,07,12.0,Y
IDCJAC0001,044021,1965,08,19.8,Y
IDCJAC0001,044021,1965,09,36.3,Y
IDCJAC0001,044021,1965,10,21.0,Y
IDCJAC0001,044021,1965,11,5.6,Y
IDCJAC0001,044021,1965,12,116.1,Y
IDCJAC0001,044021,1966,01,121.8,Y
IDCJAC0001,044021,1966,02,59.7,Y
IDCJAC0001,044021,1966,03,4.0,Y
IDCJAC0001,044021,1966,04,0.0,Y
IDCJAC0001,044021,1966,05,3.3,Y
IDCJAC0001,044021,1966,06,9.9,Y
IDCJAC0001,044021,1966,07,3.3,Y
IDCJAC0001,044021,1966,08,91.5,Y
IDCJAC0001,044021,1966,09,27.2,Y
IDCJAC0001,044021,1966,10,14.6,Y
IDCJAC0001,044021,1966,11,19.6,Y
IDCJAC0001,044021,1966,12,14.4,Y
IDCJAC0001,044021,1967,01,22.4,Y
IDCJAC0001,044021,1967,02,66.2,Y
IDCJAC0001,044021,1967,03,100.5,Y
IDCJAC0001,044021,1967,04,0.0,Y
IDCJAC0001,044021,1967,05,20.1,Y
IDCJAC0001,044021,1967,06,55.2,Y
IDCJAC0001,044021,1967,07,0.8,Y
IDCJAC0001,044021,1967,08,7.7,Y
IDCJAC0001,044021,1967,09,0.0,Y
IDCJAC0001,044021,1967,10,27.6,Y
IDCJAC0001,044021,1967,11,1.8,Y
IDCJAC0001,044021,1967,12,89.8,Y
IDCJAC0001,044021,1968,01,58.0,Y
IDCJAC0001,044021,1968,02,46.8,Y
IDCJAC0001,044021,1968,03,69.0,Y
IDCJAC0001,044021,1968,04,72.3,Y
IDCJAC0001,044021,1968,05,54.4,Y
IDCJAC0001,044021,1968,06,17.2,Y
IDCJAC0001,044021,1968,07,20.5,Y
IDCJAC0001,044021,1968,08,19.5,Y
IDCJAC0001,044021,1968,09,3.6,Y
IDCJAC0001,044021,1968,10,0.0,Y
IDCJAC0001,044021,1968,11,5.9,Y
IDCJAC0001,044021,1968,12,38.9,Y
IDCJAC0001,044021,1969,01,63.1,Y
IDCJAC0001,044021,1969,02,8.9,Y
IDCJAC0001,044021,1969,03,96.7,Y
IDCJAC0001,044021,1969,04,0.0,Y
IDCJAC0001,044021,1969,05,26.7,Y
IDCJAC0001,044021,1969,06,9.7,Y
IDCJAC0001,044021,1969,07,10.6,Y
IDCJAC0001,044021,1969,08,9.8,Y
IDCJAC0001,044021,1969,09,9.5,Y
IDCJAC0001,044021,1969,10,22.3,Y
IDCJAC0001,044021,1969,11,40.4,Y
IDCJAC0001,044021,1969,12,56.2,Y
IDCJAC0001,044021,1970,01,48.5,Y
IDCJAC0001,044021,1970,02,27.7,Y
IDCJAC0001,044021,1970,03,71.4,Y
IDCJAC0001,044021,1970,04,19.6,Y
IDCJAC0001,044021,1970,05,0.5,Y
IDCJAC0001,044021,1970,06,1.0,Y
IDCJAC0001,044021,1970,07,0.0,Y
IDCJAC0001,044021,1970,08,5.6,Y
IDCJAC0001,044021,1970,09,105.4,Y
IDCJAC0001,044021,1970,10,10.7,Y
IDCJAC0001,044021,1970,11,17.9,Y
IDCJAC0001,044021,1970,12,50.8,Y
IDCJAC0001,044021,1971,01,67.3,Y
IDCJAC0001,044021,1971,02,73.2,Y
IDCJAC0001,044021,1971,03,68.4,Y
IDCJAC0001,044021,1971,04,11.5,Y
IDCJAC0001,044021,1971,05,2.5,Y
IDCJAC0001,044021,1971,06,2.3,Y
IDCJAC0001,044021,1971,07,32.8,Y
IDCJAC0001,044021,1971,08,41.1,Y
IDCJAC0001,044021,1971,09,63.2,Y
IDCJAC0001,044021,1971,10,19.8,Y
IDCJAC0001,044021,1971,11,48.1,Y
IDCJAC0001,044021,1971,12,195.8,Y
IDCJAC0001,044021,1972,01,17.2,Y
IDCJAC0001,044021,1972,02,9.2,Y
IDCJAC0001,044021,1972,03,15.5,Y
IDCJAC0001,044021,1972,04,0.8,Y
IDCJAC0001,044021,1972,05,65.0,Y
IDCJAC0001,044021,1972,06,0.0,Y
IDCJAC0001,044021,1972,07,0.0,Y
IDCJAC0001,044021,1972,08,7.9,Y
IDCJAC0001,044021,1972,09,15.2,Y
IDCJAC0001,044021,1972,10,0.8,Y
IDCJAC0001,044021,1972,11,95.6,Y
IDCJAC0001,044021,1972,12,24.2,Y
IDCJAC0001,044021,1973,01,30.7,Y
IDCJAC0001,044021,1973,02,294.7,Y
IDCJAC0001,044021,1973,03,11.7,Y
IDCJAC0001,044021,1973,04,49.6,Y
IDCJAC0001,044021,1973,05,1.5,Y
IDCJAC0001,044021,1973,06,4.4,Y
IDCJAC0001,044021,1973,07,80.3,Y
IDCJAC0001,044021,1973,08,39.4,Y
IDCJAC0001,044021,1973,09,38.7,Y
IDCJAC0001,044021,1973,10,75.5,Y
IDCJAC0001,044021,1973,11,137.7,Y
IDCJAC0001,044021,1973,12,58.3,Y
IDCJAC0001,044021,1974,01,210.1,Y
IDCJAC0001,044021,1974,02,13.2,Y
IDCJAC0001,044021,1974,03,19.4,Y
IDCJAC0001,044021,1974,04,49.0,Y
IDCJAC0001,044021,1974,05,7.2,Y
IDCJAC0001,044021,1974,06,18.2,Y
IDCJAC0001,044021,1974,07,0.0,Y
IDCJAC0001,044021,1974,08,53.0,Y
IDCJAC0001,044021,1974,09,17.9,Y
IDCJAC0001,044021,1974,10,53.0,Y
IDCJAC0001,044021,1974,11,30.2,Y
IDCJAC0001,044021,1974,12,17.1,Y
IDCJAC0001,044021,1975,01,55.3,Y
IDCJAC0001,044021,1975,02,59.6,Y
IDCJAC0001,044021,1975,03,76.6,Y
IDCJAC0001,044021,1975,04,2.6,Y
IDCJAC0001,044021,1975,05,0.0,Y
IDCJAC0001,044021,1975,06,31.6,Y
IDCJAC0001,044021,1975,07,17.8,Y
IDCJAC0001,044021,1975,08,47.4,Y
IDCJAC0001,044021,1975,09,10.4,Y
IDCJAC0001,044021,1975,10,40.0,Y
IDCJAC0001,044021,1975,11,3.8,Y
IDCJAC0001,044021,1975,12,159.8,Y
IDCJAC0001,044021,1976,01,142.5,Y
IDCJAC0001,044021,1976,02,169.2,Y
IDCJAC0001,044021,1976,03,52.7,Y
IDCJAC0001,044021,1976,04,0.0,Y
IDCJAC0001,044021,1976,05,54.8,Y
IDCJAC0001,044021,1976,06,0.8,Y
IDCJAC0001,044021,1976,07,24.4,Y
IDCJAC0001,044021,1976,08,1.6,Y
IDCJAC0001,044021,1976,09,14.8,Y
IDCJAC0001,044021,1976,10,17.6,Y
IDCJAC0001,044021,1976,11,19.4,Y
IDCJAC0001,044021,1976,12,48.4,Y
IDCJAC0001,044021,1977,01,74.2,Y
IDCJAC0001,044021,1977,02,87.0,Y
IDCJAC0001,044021,1977,03,160.6,Y
IDCJAC0001,044021,1977,04,26.6,Y
IDCJAC0001,044021,1977,05,69.2,Y
IDCJAC0001,044021,1977,06,25.2,Y
IDCJAC0001,044021,1977,07,1.2,Y
IDCJAC0001,044021,1977,08,1.4,Y
IDCJAC0001,044021,1977,09,3.4,Y
IDCJAC0001,044021,1977,10,10.8,Y
IDCJAC0001,044021,1977,11,9.4,Y
IDCJAC0001,044021,1977,12,15.2,Y
IDCJAC0001,044021,1978,01,73.6,Y
IDCJAC0001,044021,1978,02,24.2,Y
IDCJAC0001,044021,1978,03,11.2,Y
IDCJAC0001,044021,1978,04,6.8,Y
IDCJAC0001,044021,1978,05,86.8,Y
IDCJAC0001,044021,1978,06,44.2,Y
IDCJAC0001,044021,1978,07,88.6,Y
IDCJAC0001,044021,1978,08,72.8,Y
IDCJAC0001,044021,1978,09,64.8,Y
IDCJAC0001,044021,1978,10,21.4,Y
IDCJAC0001,044021,1978,11,33.4,Y
IDCJAC0001,044021,1978,12,22.2,Y
IDCJAC0001,044021,1979,01,14.0,Y
IDCJAC0001,044021,1979,02,82.4,Y
IDCJAC0001,044021,1979,03,35.0,Y
IDCJAC0001,044021,1979,04,17.6,Y
IDCJAC0001,044021,1979,05,31.6,Y
IDCJAC0001,044021,1979,06,20.8,Y
IDCJAC0001,044021,1979,07,1.2,Y
IDCJAC0001,044021,1979,08,3.6,Y
IDCJAC0001,044021,1979,09,30.4,Y
IDCJAC0001,044021,1979,10,20.4,Y
IDCJAC0001,044021,1979,11,9.2,Y
IDCJAC0001,044021,1979,12,6.4,Y
IDCJAC0001,044021,1980,01,43.4,Y
IDCJAC0001,044021,1980,02,40.8,Y
IDCJAC0001,044021,1980,03,38.8,Y
IDCJAC0001,044021,1980,04,8.6,Y
IDCJAC0001,044021,1980,05,24.8,Y
IDCJAC0001,044021,1980,06,2.6,Y
IDCJAC0001,044021,1980,07,44.6,Y
IDCJAC0001,044021,1980,08,16.8,Y
IDCJAC0001,044021,1980,09,0.0,Y
IDCJAC0001,044021,1980,10,124.2,Y
IDCJAC0001,044021,1980,11,17.8,Y
IDCJAC0001,044021,1980,12,56.8,Y
IDCJAC0001,044021,1981,01,33.6,Y
IDCJAC0001,044021,1981,02,32.2,Y
IDCJAC0001,044021,1981,03,34.2,Y
IDCJAC0001,044021,1981,04,24.4,Y
IDCJAC0001,044021,1981,05,103.2,Y
IDCJAC0001,044021,1981,06,66.0,Y
IDCJAC0001,044021,1981,07,42.8,Y
IDCJAC0001,044021,1981,08,1.0,Y
IDCJAC0001,044021,1981,09,1.0,Y
IDCJAC0001,044021,1981,10,43.0,Y
IDCJAC0001,044021,1981,11,36.0,Y
IDCJAC0001,044021,1981,12,9.8,Y
IDCJAC0001,044021,1982,01,65.0,Y
IDCJAC0001,044021,1982,02,0.8,Y
IDCJAC0001,044021,1982,03,116.4,Y
IDCJAC0001,044021,1982,04,6.4,Y
IDCJAC0001,044021,1982,05,13.0,Y
IDCJAC0001,044021,1982,06,0.2,Y
IDCJAC0001,044021,1982,07,1.0,Y
IDCJAC0001,044021,1982,08,0.0,Y
IDCJAC0001,044021,1982,09,7.8,Y
IDCJAC0001,044021,1982,10,8.8,Y
IDCJAC0001,044021,1982,11,0.6,Y
IDCJAC0001,044021,1982,12,25.4,Y
IDCJAC0001,044021,1983,01,42.4,Y
IDCJAC0001,044021,1983,02,44.0,Y
IDCJAC0001,044021,1983,03,60.2,Y
IDCJAC0001,044021,1983,04,154.0,Y
IDCJAC0001,044021,1983,05,188.4,Y
IDCJAC0001,044021,1983,06,28.6,Y
IDCJAC0001,044021,1983,07,7.2,Y
IDCJAC0001,044021,1983,08,28.4,Y
IDCJAC0001,044021,1983,09,6.0,Y
IDCJAC0001,044021,1983,10,5.0,Y
IDCJAC0001,044021,1983,11,119.6,Y
IDCJAC0001,044021,1983,12,56.6,Y
IDCJAC0001,044021,1984,01,164.0,Y
IDCJAC0001,044021,1984,02,13.8,Y
IDCJAC0001,044021,1984,03,29.6,Y
IDCJAC0001,044021,1984,04,18.8,Y
IDCJAC0001,044021,1984,05,1.0,Y
IDCJAC0001,044021,1984,06,12.0,Y
IDCJAC0001,044021,1984,07,99.4,Y
IDCJAC0001,044021,1984,08,4.4,Y
IDCJAC0001,044021,1984,09,8.0,Y
IDCJAC0001,044021,1984,10,30.2,Y
IDCJAC0001,044021,1984,11,19.8,Y
IDCJAC0001,044021,1984,12,41.6,Y
IDCJAC0001,044021,1985,01,24.4,Y
IDCJAC0001,044021,1985,02,43.8,Y
IDCJAC0001,044021,1985,03,1.0,Y
IDCJAC0001,044021,1985,04,8.4,Y
IDCJAC0001,044021,1985,05,3.6,Y
IDCJAC0001,044021,1985,06,15.2,Y
IDCJAC0001,044021,1985,07,24.6,Y
IDCJAC0001,044021,1985,08,37.4,Y
IDCJAC0001,044021,1985,09,7.6,Y
IDCJAC0001,044021,1985,10,35.6,Y
IDCJAC0001,044021,1985,11,158.2,Y
IDCJAC0001,044021,1985,12,59.0,Y
IDCJAC0001,044021,1986,01,33.4,Y
IDCJAC0001,044021,1986,02,106.0,Y
IDCJAC0001,044021,1986,03,0.0,Y
IDCJAC0001,044021,1986,04,23.4,Y
IDCJAC0001,044021,1986,05,65.4,Y
IDCJAC0001,044021,1986,06,9.6,Y
IDCJAC0001,044021,1986,07,51.4,Y
IDCJAC0001,044021,1986,08,29.4,Y
IDCJAC0001,044021,1986,09,23.4,Y
IDCJAC0001,044021,1986,10,25.6,Y
IDCJAC0001,044021,1986,11,77.4,Y
IDCJAC0001,044021,1986,12,39.8,Y
IDCJAC0001,044021,1987,01,171.6,Y
IDCJAC0001,044021,1987,02,62.2,Y
IDCJAC0001,044021,1987,03,79.6,Y
IDCJAC0001,044021,1987,04,9.6,Y
IDCJAC0001,044021,1987,05,14.2,Y
IDCJAC0001,044021,1987,06,84.2,Y
IDCJAC0001,044021,1987,07,15.6,Y
IDCJAC0001,044021,1987,08,33.6,Y
IDCJAC0001,044021,1987,09,8.0,Y
IDCJAC0001,044021,1987,10,43.8,Y
IDCJAC0001,044021,1987,11,49.6,Y
IDCJAC0001,044021,1987,12,43.0,Y
IDCJAC0001,044021,1988,01,18.4,Y
IDCJAC0001,044021,1988,02,49.6,Y
IDCJAC0001,044021,1988,03,13.4,Y
IDCJAC0001,044021,1988,04,44.2,Y
IDCJAC0001,044021,1988,05,18.6,Y
IDCJAC0001,044021,1988,06,5.0,Y
IDCJAC0001,044021,1988,07,67.4,Y
IDCJAC0001,044021,1988,08,38.2,Y
IDCJAC0001,044021,1988,09,35.4,Y
IDCJAC0001,044021,1988,10,7.4,Y
IDCJAC0001,044021,1988,11,27.2,Y
IDCJAC0001,044021,1988,12,49.4,Y
IDCJAC0001,044021,1989,01,4.6,Y
IDCJAC0001,044021,1989,02,6.2,Y
IDCJAC0001,044021,1989,03,38.6,Y
IDCJAC0001,044021,1989,04,76.2,Y
IDCJAC0001,044021,1989,05,199.2,Y
IDCJAC0001,044021,1989,06,45.0,Y
IDCJAC0001,044021,1989,07,14.8,Y
IDCJAC0001,044021,1989,08,2.2,Y
IDCJAC0001,044021,1989,09,1.2,Y
IDCJAC0001,044021,1989,10,48.4,Y
IDCJAC0001,044021,1989,11,7.2,Y
IDCJAC0001,044021,1989,12,71.8,Y
IDCJAC0001,044021,1990,01,22.0,Y
IDCJAC0001,044021,1990,02,69.8,Y
IDCJAC0001,044021,1990,03,65.6,Y
IDCJAC0001,044021,1990,04,248.0,Y
IDCJAC0001,044021,1990,05,46.6,Y
IDCJAC0001,044021,1990,06,10.8,Y
IDCJAC0001,044021,1990,07,13.6,Y
IDCJAC0001,044021,1990,08,2.4,Y
IDCJAC0001,044021,1990,09,3.6,Y
IDCJAC0001,044021,1990,10,9.4,Y
IDCJAC0001,044021,1990,11,1.8,Y
IDCJAC0001,044021,1990,12,9.0,Y
IDCJAC0001,044021,1991,01,122.4,Y
IDCJAC0001,044021,1991,02,37.6,Y
IDCJAC0001,044021,1991,03,0.8,Y
IDCJAC0001,044021,1991,04,0.6,Y
IDCJAC0001,044021,1991,05,22.6,Y
IDCJAC0001,044021,1991,06,0.2,Y
IDCJAC0001,044021,1991,07,16.8,Y
IDCJAC0001,044021,1991,08,0.0,Y
IDCJAC0001,044021,1991,09,0.6,Y
IDCJAC0001,044021,1991,10,9.4,Y
IDCJAC0001,044021,1991,11,25.4,Y
IDCJAC0001,044021,1991,12,30.0,Y
IDCJAC0001,044021,1992,01,28.2,Y
IDCJAC0001,044021,1992,02,56.4,Y
IDCJAC0001,044021,1992,03,1.0,Y
IDCJAC0001,044021,1992,04,0.8,Y
IDCJAC0001,044021,1992,05,22.2,Y
IDCJAC0001,044021,1992,06,1.4,Y
IDCJAC0001,044021,1992,07,8.2,Y
IDCJAC0001,044021,1992,08,9.0,Y
IDCJAC0001,044021,1992,09,14.2,Y
IDCJAC0001,044021,1992,10,22.6,Y
IDCJAC0001,044021,1992,11,39.6,Y
IDCJAC0001,044021,1992,12,86.6,Y
IDCJAC0001,044021,1993,01,23.0,Y
IDCJAC0001,044021,1993,02,13.4,Y
IDCJAC0001,044021,1993,03,15.6,Y
IDCJAC0001,044021,1993,04,7.0,Y
IDCJAC0001,044021,1993,05,0.0,Y
IDCJAC0001,044021,1993,06,5.6,Y
IDCJAC0001,044021,1993,07,50.2,Y
IDCJAC0001,044021,1993,08,49.8,Y
IDCJAC0001,044021,1993,09,74.2,Y
IDCJAC0001,044021,1993,10,50.0,Y
IDCJAC0001,044021,1993,11,23.2,Y
IDCJAC0001,044021,1993,12,70.8,Y
IDCJAC0001,044021,1994,01,8.8,Y
IDCJAC0001,044021,1994,02,231.4,Y
IDCJAC0001,044021,1994,03,43.4,Y
IDCJAC0001,044021,1994,04,0.0,Y
IDCJAC0001,044021,1994,05,0.0,Y
IDCJAC0001,044021,1994,06,12.8,Y
IDCJAC0001,044021,1994,07,1.0,Y
IDCJAC0001,044021,1994,08,0.2,Y
IDCJAC0001,044021,1994,09,2.2,Y
IDCJAC0001,044021,1994,10,14.8,Y
IDCJAC0001,044021,1994,11,64.4,Y
IDCJAC0001,044021,1994,12,9.6,Y
IDCJAC0001,044021,1995,01,99.2,Y
IDCJAC0001,044021,1995,02,43.4,Y
IDCJAC0001,044021,1995,03,3.6,Y
IDCJAC0001,044021,1995,04,5.0,Y
IDCJAC0001,044021,1995,05,16.0,Y
IDCJAC0001,044021,1995,06,40.8,Y
IDCJAC0001,044021,1995,07,1.6,Y
IDCJAC0001,044021,1995,08,0.0,Y
IDCJAC0001,044021,1995,09,42.4,Y
IDCJAC0001,044021,1995,10,27.8,Y
IDCJAC0001,044021,1995,11,73.8,Y
IDCJAC0001,044021,1995,12,8.6,Y
IDCJAC0001,044021,1996,01,118.0,Y
IDCJAC0001,044021,1996,02,28.2,Y
IDCJAC0001,044021,1996,03,19.0,Y
IDCJAC0001,044021,1996,04,22.8,Y
IDCJAC0001,044021,1996,05,6.4,Y
IDCJAC0001,044021,1996,06,33.0,Y
IDCJAC0001,044021,1996,07,43.4,Y
IDCJAC0001,044021,1996,08,26.2,Y
IDCJAC0001,044021,1996,09,25.2,Y
IDCJAC0001,044021,1996,10,111.6,Y
IDCJAC0001,044021,1996,11,33.0,Y
IDCJAC0001,044021,1996,12,25.8,Y
IDCJAC0001,044021,1997,01,125.4,Y
IDCJAC0001,044021,1997,02,232.2,Y
IDCJAC0001,044021,1997,03,67.8,Y
IDCJAC0001,044021,1997,04,0.0,Y
IDCJAC0001,044021,1997,05,48.2,Y
IDCJAC0001,044021,1997,06,4.8,Y
IDCJAC0001,044021,1997,07,3.8,Y
IDCJAC0001,044021,1997,08,5.6,Y
IDCJAC0001,044021,1997,09,57.8,Y
IDCJAC0001,044021,1997,10,66.0,Y
IDCJAC0001,044021,1997,11,115.6,Y
IDCJAC0001,044021,1997,12,121.2,Y
IDCJAC0001,044021,1998,01,49.8,Y
IDCJAC0001,044021,1998,02,49.2,Y
IDCJAC0001,044021,1998,03,0.2,Y
IDCJAC0001,044021,1998,04,39.6,Y
IDCJAC0001,044021,1998,05,20.2,Y
IDCJAC0001,044021,1998,06,57.8,Y
IDCJAC0001,044021,1998,07,89.8,Y
IDCJAC0001,044021,1998,08,28.8,Y
IDCJAC0001,044021,1998,09,98.2,Y
IDCJAC0001,044021,1998,10,25.4,Y
IDCJAC0001,044021,1998,11,35.0,Y
IDCJAC0001,044021,1998,12,35.2,Y
IDCJAC0001,044021,1999,01,103.4,Y
IDCJAC0001,044021,1999,02,121.4,Y
IDCJAC0001,044021,1999,03,106.2,Y
IDCJAC0001,044021,1999,04,17.6,Y
IDCJAC0001,044021,1999,05,52.8,Y
IDCJAC0001,044021,1999,06,35.2,Y
IDCJAC0001,044021,1999,07,5.6,Y
IDCJAC0001,044021,1999,08,15.4,Y
IDCJAC0001,044021,1999,09,16.2,Y
IDCJAC0001,044021,1999,10,65.4,Y
IDCJAC0001,044021,1999,11,42.6,Y
IDCJAC0001,044021,1999,12,108.4,Y
IDCJAC0001,044021,2000,01,43.8,Y
IDCJAC0001,044021,2000,02,42.4,Y
IDCJAC0001,044021,2000,03,31.0,Y
IDCJAC0001,044021,2000,04,56.2,Y
IDCJAC0001,044021,2000,05,41.2,Y
IDCJAC0001,044021,2000,06,27.0,Y
IDCJAC0001,044021,2000,07,1.2,Y
IDCJAC0001,044021,2000,08,37.6,Y
IDCJAC0001,044021,2000,09,0.4,Y
IDCJAC0001,044021,2000,10,49.0,Y
IDCJAC0001,044021,2000,11,301.8,Y
IDCJAC0001,044021,2000,12,30.4,Y
IDCJAC0001,044021,2001,01,23.2,Y
IDCJAC0001,044021,2001,02,37.8,Y
IDCJAC0001,044021,2001,03,20.0,Y
IDCJAC0001,044021,2001,04,2.0,Y
IDCJAC0001,044021,2001,05,21.6,Y
IDCJAC0001,044021,2001,06,57.6,Y
IDCJAC0001,044021,2001,07,32.0,Y
IDCJAC0001,044021,2001,08,1.0,Y
IDCJAC0001,044021,2001,09,4.8,Y
IDCJAC0001,044021,2001,10,28.2,Y
IDCJAC0001,044021,2001,11,90.4,Y
IDCJAC0001,044021,2001,12,84.2,Y
IDCJAC0001,044021,2002,01,132.8,Y
IDCJAC0001,044021,2002,02,134.8,Y
IDCJAC0001,044021,2002,03,0.0,Y
IDCJAC0001,044021,2002,04,27.2,Y
IDCJAC0001,044021,2002,05,0.0,Y
IDCJAC0001,044021,2002,06,6.2,Y
IDCJAC0001,044021,2002,07,1.4,Y
IDCJAC0001,044021,2002,08,7.0,Y
IDCJAC0001,044021,2002,09,4.8,Y
IDCJAC0001,044021,2002,10,4.0,Y
IDCJAC0001,044021,2002,11,9.8,Y
IDCJAC0001,044021,2002,12,12.0,Y
IDCJAC0001,044021,2003,01,18.2,Y
IDCJAC0001,044021,2003,02,81.6,Y
IDCJAC0001,044021,2003,03,13.6,Y
IDCJAC0001,044021,2003,04,3.8,Y
IDCJAC0001,044021,2003,05,0.4,Y
IDCJAC0001,044021,2003,06,36.6,Y
IDCJAC0001,044021,2003,07,31.0,Y
IDCJAC0001,044021,2003,08,29.6,Y
IDCJAC0001,044021,2003,09,0.2,Y
IDCJAC0001,044021,2003,10,32.0,Y
IDCJAC0001,044021,2003,11,12.8,Y
IDCJAC0001,044021,2003,12,42.2,Y
IDCJAC0001,044021,2004,01,157.8,Y
IDCJAC0001,044021,2004,02,72.8,Y
IDCJAC0001,044021,2004,03,31.4,Y
IDCJAC0001,044021,2004,04,54.0,Y
IDCJAC0001,044021,2004,05,9.6,Y
IDCJAC0001,044021,2004,06,0.4,Y
IDCJAC0001,044021,2004,07,4.6,Y
IDCJAC0001,044021,2004,08,12.0,Y
IDCJAC0001,044021,2004,09,95.2,Y
IDCJAC0001,044021,2004,10,13.2,Y
IDCJAC0001,044021,2004,11,43.6,Y
IDCJAC0001,044021,2004,12,56.0,Y
IDCJAC0001,044021,2005,01,20.0,Y
IDCJAC0001,044021,2005,02,11.4,Y
IDCJAC0001,044021,2005,03,29.2,Y
IDCJAC0001,044021,2005,04,0.0,Y
IDCJAC0001,044021,2005,05,51.6,Y
IDCJAC0001,044021,2005,06,137.0,Y
IDCJAC0001,044021,2005,07,0.2,Y
IDCJAC0001,044021,2005,08,7.2,Y
IDCJAC0001,044021,2005,09,13.6,Y
IDCJAC0001,044021,2005,10,62.0,Y
IDCJAC0001,044021,2005,11,11.4,Y
IDCJAC0001,044021,2005,12,22.0,Y
IDCJAC0001,044021,2006,01,21.6,Y
IDCJAC0001,044021,2006,02,63.8,Y
IDCJAC0001,044021,2006,03,24.2,Y
IDCJAC0001,044021,2006,04,26.6,Y
IDCJAC0001,044021,2006,05,1.6,Y
IDCJAC0001,044021,2006,06,81.4,Y
IDCJAC0001,044021,2006,07,55.2,Y
IDCJAC0001,044021,2006,08,5.0,Y
IDCJAC0001,044021,2006,09,4.4,Y
IDCJAC0001,044021,2006,10,0.4,Y
IDCJAC0001,044021,2006,11,32.2,Y
IDCJAC0001,044021,2006,12,57.0,Y
IDCJAC0001,044021,2007,01,93.4,Y
IDCJAC0001,044021,2007,02,17.2,Y
IDCJAC0001,044021,2007,03,39.8,Y
IDCJAC0001,044021,2007,04,9.8,Y
IDCJAC0001,044021,2007,05,25.2,Y
IDCJAC0001,044021,2007,06,28.6,Y
IDCJAC0001,044021,2007,07,0.0,Y
IDCJAC0001,044021,2007,08,30.4,Y
IDCJAC0001,044021,2007,09,4.2,Y
IDCJAC0001,044021,2007,10,23.2,Y
IDCJAC0001,044021,2007,11,161.8,Y
IDCJAC0001,044021,2007,12,89.2,Y
IDCJAC0001,044021,2008,01,263.8,Y
IDCJAC0001,044021,2008,02,72.4,Y
IDCJAC0001,044021,2008,03,2.0,Y
IDCJAC0001,044021,2008,04,0.0,Y
IDCJAC0001,044021,2008,05,0.6,Y
IDCJAC0001,044021,2008,06,39.6,Y
IDCJAC0001,044021,2008,07,8.6,Y
IDCJAC0001,044021,2008,08,7.4,Y
IDCJAC0001,044021,2008,09,87.0,Y
IDCJAC0001,044021,2008,10,13.2,Y
IDCJAC0001,044021,2008,11,43.2,Y
IDCJAC0001,044021,2008,12,81.8,Y
IDCJAC0001,044021,2009,02,18.2,Y
IDCJAC0001,044021,2009,03,0.0,Y
IDCJAC0001,044021,2009,04,50.4,Y
IDCJAC0001,044021,2009,05,11.6,Y
IDCJAC0001,044021,2009,06,58.8,Y
IDCJAC0001,044021,2009,07,0.8,Y
IDCJAC0001,044021,2009,08,0.2,Y
IDCJAC0001,044021,2009,09,14.4,Y
IDCJAC0001,044021,2009,10,35.8,Y
IDCJAC0001,044021,2009,11,5.8,Y
IDCJAC0001,044021,2009,12,94.4,Y
IDCJAC0001,044021,2010,01,62.6,Y
IDCJAC0001,044021,2010,02,240.6,Y
IDCJAC0001,044021,2010,03,316.0,Y
IDCJAC0001,044021,2010,04,44.2,Y
IDCJAC0001,044021,2010,05,19.2,Y
IDCJAC0001,044021,2010,06,0.4,Y
IDCJAC0001,044021,2010,07,75.8,Y
IDCJAC0001,044021,2010,08,54.8,Y
IDCJAC0001,044021,2010,09,57.4,Y
IDCJAC0001,044021,2010,10,52.6,Y
IDCJAC0001,044021,2010,11,56.0,Y
IDCJAC0001,044021,2010,12,154.2,Y
IDCJAC0001,044021,2011,01,41.0,Y
IDCJAC0001,044021,2011,02,74.6,Y
IDCJAC0001,044021,2011,03,188.6,Y
IDCJAC0001,044021,2011,04,21.8,Y
IDCJAC0001,044021,2011,05,11.2,Y
IDCJAC0001,044021,2011,06,9.4,Y
IDCJAC0001,044021,2011,07,12.8,Y
IDCJAC0001,044021,2011,08,1.8,Y
IDCJAC0001,044021,2011,09,47.2,Y
IDCJAC0001,044021,2011,10,3.6,Y
IDCJAC0001,044021,2011,11,59.6,Y
IDCJAC0001,044021,2011,12,119.0,Y
IDCJAC0001,044021,2012,01,163.4,Y
IDCJAC0001,044021,2012,02,51.4,Y
IDCJAC0001,044021,2012,03,83.6,Y
IDCJAC0001,044021,2012,04,1.8,Y
IDCJAC0001,044021,2012,05,24.8,Y
IDCJAC0001,044021,2012,06,37.0,Y
IDCJAC0001,044021,2012,07,23.8,Y
IDCJAC0001,044021,2012,08,10.0,Y
IDCJAC0001,044021,2012,09,13.2,N
IDCJAC0001,044021,2012,10,4.0,Y
IDCJAC0001,044021,2012,11,17.0,Y
IDCJAC0001,044021,2012,12,73.6,Y
IDCJAC0001,044021,2013,01,19.2,Y
IDCJAC0001,044021,2013,02,34.8,Y
IDCJAC0001,044021,2013,03,68.0,Y
IDCJAC0001,044021,2013,04,8.6,Y
IDCJAC0001,044021,2013,05,40.4,Y
IDCJAC0001,044021,2013,06,7.4,Y
IDCJAC0001,044021,2013,07,17.4,Y
IDCJAC0001,044021,2013,08,0.0,Y
IDCJAC0001,044021,2013,09,5.2,Y
IDCJAC0001,044021,2013,10,3.4,Y
IDCJAC0001,044021,2013,11,14.0,N
IDCJAC0001,044021,2013,12,2.2,Y
IDCJAC0001,044021,2014,01,56.8,Y
IDCJAC0001,044021,2014,02,83.0,Y
IDCJAC0001,044021,2014,03,21.0,Y
IDCJAC0001,044021,2014,04,5.6,Y
IDCJAC0001,044021,2014,05,0.2,Y
IDCJAC0001,044021,2014,06,21.0,Y
IDCJAC0001,044021,2014,07,10.0,Y
IDCJAC0001,044021,2014,08,66.8,Y
IDCJAC0001,044021,2014,09,16.4,Y
IDCJAC0001,044021,2014,10,12.4,Y
IDCJAC0001,044021,2014,11,33.5,Y
IDCJAC0001,044021,2014,12,150.2,Y
IDCJAC0001,044021,2015,01,92.0,Y
IDCJAC0001,044021,2015,02,0.0,Y
IDCJAC0001,044021,2015,03,20.0,Y
IDCJAC0001,044021,2015,04,1.6,Y
IDCJAC0001,044021,2015,05,22.8,Y
IDCJAC0001,044021,2015,06,42.6,Y
IDCJAC0001,044021,2015,07,16.8,Y
IDCJAC0001,044021,2015,08,8.4,Y
IDCJAC0001,044021,2015,09,0.0,Y
IDCJAC0001,044021,2015,10,3.8,Y
IDCJAC0001,044021,2015,11,7.2,Y
IDCJAC0001,044021,2015,12,52.2,Y
IDCJAC0001,044021,2016,01,93.4,Y
IDCJAC0001,044021,2016,02,16.6,Y
IDCJAC0001,044021,2016,03,48.8,Y
IDCJAC0001,044021,2016,04,0.0,Y
IDCJAC0001,044021,2016,05,25.0,Y
IDCJAC0001,044021,2016,06,138.8,Y
IDCJAC0001,044021,2016,07,40.8,Y
IDCJAC0001,044021,2016,08,72.4,Y
IDCJAC0001,044021,2016,09,128.4,Y
IDCJAC0001,044021,2016,10,37.8,Y
IDCJAC0001,044021,2016,11,14.4,Y
IDCJAC0001,044021,2016,12,35.4,Y
IDCJAC0001,044021,2017,01,56.4,N
IDCJAC0001,044021,2017,02,8.8,N
IDCJAC0001,044021,2017,03,13.8,N
IDCJAC0001,044021,2017,04,6.0,N
IDCJAC0001,044021,2017,05,28.4,N
IDCJAC0001,044021,2017,06,9.2,N
IDCJAC0001,044021,2017,07,17.2,N
IDCJAC0001,044021,2017,08,1.0,N
IDCJAC0001,044021,2017,09,0.0,N
IDCJAC0001,044021,2017,10,18.2,N
IDCJAC0001,044021,2017,11,23.6,N
IDCJAC0001,044021,2017,12,20.4,N
IDCJAC0001,044021,2018,01,3.2,Y
IDCJAC0001,044021,2018,02,42.8,N
IDCJAC0001,044021,2018,03,79.0,N
IDCJAC0001,044021,2018,04,33.0,N
IDCJAC0001,044021,2018,05,0.2,N
IDCJAC0001,044021,2018,06,14.6,N
IDCJAC0001,044021,2018,07,1.6,N
IDCJAC0001,044021,2018,08,11.0,Y
IDCJAC0001,044021,2018,09,0.2,N
IDCJAC0001,044021,2018,10,5.6,Y
IDCJAC0001,044021,2018,11,47.8,N
IDCJAC0001,044021,2018,12,31.6,N
IDCJAC0001,044021,2019,01,26.0,N
IDCJAC0001,044021,2019,02,2.6,N
IDCJAC0001,044021,2019,03,129.8,N
IDCJAC0001,044021,2019,04,37.4,N
IDCJAC0001,044021,2019,05,5.8,Y
IDCJAC0001,044021,2019,06,0.2,N
IDCJAC0001,044021,2019,07,1.8,N
IDCJAC0001,044021,2019,09,1.4,N
IDCJAC0001,044021,2019,10,31.0,N
IDCJAC0001,044021,2019,11,1.8,N
IDCJAC0001,044021,2019,12,0.8,N
IDCJAC0001,044021,2020,01,66.6,N
IDCJAC0001,044021,2020,02,186.4,N
IDCJAC0001,044021,2020,03,116.0,N
IDCJAC0001,044021,2020,04,6.6,N
IDCJAC0001,044021,2020,05,13.2,N
IDCJAC0001,044021,2020,06,0.2,N
IDCJAC0001,044021,2020,07,16.6,N
IDCJAC0001,044021,2020,08,14.8,N
IDCJAC0001,044021,2020,09,15.8,N
IDCJAC0001,044021,2020,10,5.4,N
IDCJAC0001,044021,2020,11,10.0,N
IDCJAC0001,044021,2020,12,47.2,N
IDCJAC0001,044021,2021,01,32.4,N
IDCJAC0001,044021,2021,02,52.0,N
IDCJAC0001,044021,2021,03,53.2,N
IDCJAC0001,044021,2021,04,7.4,N
IDCJAC0001,044021,2021,05,0.0,N
IDCJAC0001,044021,2021,06,25.2,N
IDCJAC0001,044021,2021,07,38.8,N
IDCJAC0001,044021,2021,08,7.6,N
IDCJAC0001,044021,2021,09,42.2,N
IDCJAC0001,044021,2021,10,56.6,N
IDCJAC0001,044021,2021,11,228.8,N
IDCJAC0001,044021,2021,12,61.8,N
IDCJAC0001,044021,2022,01,67.4,N
IDCJAC0001,044021,2022,02,23.8,N
IDCJAC0001,044021,2022,03,32.6,N
IDCJAC0001,044021,2022,04,6.6,N
IDCJAC0001,044021,2022,05,68.8,N
IDCJAC0001,044021,2022,06,17.4,N
IDCJAC0001,044021,2022,07,33.4,N
IDCJAC0001,044021,2022,08,17.8,N
IDCJAC0001,044021,2022,09,100.0,N
IDCJAC0001,044021,2022,10,136.8,N
